mu_ideal,sigma_ideal,mu_quant,sigma_quant
0.4967141530112327,0.09308678494144078,0.5,0.09
0.6476885381006925,0.17615149282040127,0.640625,0.18
-0.23415337472333597,0.08829315215254098,-0.234375,0.09
1.5792128155073915,0.13837173645764544,1.578125,0.14
-0.4694743859349521,0.12712800217929823,-0.46875,0.13
-0.46341769281246226,0.07671351232148715,-0.46875,0.08
0.24196227156603412,0.004335987767110111,0.234375,0.0
-1.7249178325130328,0.07188562353795137,-1.71875,0.07
-1.0128311203344238,0.1157123666297637,-1.015625,0.12
-0.9080240755212109,0.02938481493323543,-0.90625,0.03
1.465648768921554,0.08871118497567322,1.46875,0.09
0.06752820468792384,0.02876259068932717,0.0625,0.03
-0.5443827245251827,0.10554612948549331,-0.546875,0.11
-1.1509935774223028,0.11878490091728361,-1.15625,0.12
-0.600638689918805,0.08541531251033617,-0.59375,0.09
-0.6017066122293969,0.1926139092254469,-0.609375,0.19
-0.013497224737933921,0.047114453552204984,-0.015625,0.05
0.822544912103189,0.03895781750144889,0.828125,0.04
0.2088635950047554,0.002016493806011224,0.203125,0.0
-1.3281860488984305,0.10984306179345618,-1.328125,0.11
0.7384665799954104,0.10856841405949853,0.734375,0.11
-0.11564828238824053,0.08494481522053557,-0.109375,0.08
-1.4785219903674274,0.06400778958026457,-1.484375,0.06
-0.4606387709597875,0.15285611131094579,-0.453125,0.15
0.3436182895684614,0.011847992231863308,0.34375,0.01
0.324083969394795,0.08074588597918418,0.328125,0.08
-0.6769220003059587,0.1305838144420434,-0.671875,0.13
1.030999522495951,0.14656400595580993,1.03125,0.15
-0.8392175232226385,0.08453938120743927,-0.84375,0.08
0.33126343140356396,0.14877725635611797,0.328125,0.15
-0.47917423784528995,0.09071705116680914,-0.484375,0.09
-1.1063349740060282,0.040189668795966464,-1.109375,0.04
0.812525822394198,0.16781200142854114,0.8125,0.17
-0.07201012158033385,0.15017664489460122,-0.078125,0.15
0.36163602504763415,0.06774401226974379,0.359375,0.07
0.36139560550841393,0.17690182832329848,0.359375,0.18
-0.03582603910995154,0.17823218279070033,-0.03125,0.18
-2.6197451040897444,0.1410951252187612,-2.625,0.14
0.08704706823817122,0.08504963247670663,0.09375,0.09
0.0917607765355023,0.00062155426995536,0.09375,0.0
-0.21967188783751193,0.11785562857558733,-0.21875,0.12
1.477894044741516,0.07408648908631764,1.484375,0.07
-0.8084936028931876,0.07491214782077318,-0.8125,0.07
0.9154021177020741,0.11643755548298423,0.921875,0.12
-0.5297602037670388,0.12566337165566782,-0.53125,0.13
0.09707754934804039,0.14843224952664447,0.09375,0.15
-0.7020530938773524,0.08361689267011159,-0.703125,0.08
-0.39210815313215763,0.026824252593394077,-0.390625,0.03
0.29612027706457605,0.11305276360899447,0.296875,0.11
0.00511345664246089,0.08827064333124265,0.0,0.09
-1.4153707420504142,0.07896773386173206,-1.421875,0.08
-0.3427145165267695,0.059886136538919055,-0.34375,0.06
-0.16128571166600914,0.12020254284072693,-0.15625,0.12
1.8861859012105302,0.10872889064159195,1.890625,0.11
0.25755039072276437,0.09627770421169164,0.25,0.1
-1.9187712152990415,0.09867430622753916,-1.921875,0.1
0.06023020994102644,0.2231621056242643,0.0625,0.22
-0.19236096478112252,0.11507736711668062,-0.1875,0.12
-0.03471176970524331,0.0415660981190234,-0.03125,0.04
1.1428228145150205,0.1375966516343387,1.140625,0.14
0.7910319470430469,0.05453062726026306,0.796875,0.05
1.4027943109360992,0.02990744686038596,1.40625,0.03
0.5868570938002703,0.20952278129049895,0.59375,0.21
-0.9905363251306883,0.07168511351986141,-0.984375,0.07
0.09965136508764122,0.07482621729419005,0.09375,0.07
-1.5506634310661327,0.10342814874030137,-1.546875,0.1
-1.0623037137261049,0.12367962153175908,-1.0625,0.12
-0.9194242342338032,0.17749672025087698,-0.921875,0.18
-0.7832532923362371,0.08389692418971623,-0.78125,0.08
0.8135172173696698,0.03845678417830224,0.8125,0.04
0.22745993460412942,0.16535713771412142,0.234375,0.17
-1.6074832345612275,0.10923169292661522,-1.609375,0.11
0.25988279424842353,0.13909114358886554,0.265625,0.14
-1.236950710878082,0.03397716934578619,-1.234375,0.03
0.5219415656168976,0.1148492336616593,0.515625,0.11
0.25049285034587654,0.11732241047484879,0.25,0.12
-0.6800247215784908,0.11161268485805018,-0.6875,0.11
0.29307247329868125,0.06428242909868162,0.296875,0.06
1.8657745111447566,0.12369164604558938,1.859375,0.12
-1.1913034972026486,0.1328276804316915,-1.1875,0.13
-0.9746816702273214,0.13935423018712262,-0.96875,0.14
1.158595579007404,0.05896588408241448,1.15625,0.06
0.9633761292443218,0.12063904634682493,0.96875,0.12
0.82206015999449,0.19483964913269738,0.828125,0.19
-0.2453881160028705,0.06231319178212552,-0.25,0.06
-0.8895144296255233,0.05920948575172809,-0.890625,0.06
-0.0771017094141042,0.1170575987408322,-0.078125,0.12
0.27669079933001905,0.1413591624518012,0.28125,0.14
0.01300189187790702,0.17267670385786585,0.015625,0.17
-0.2646568332379561,0.23600845832948095,-0.265625,0.24
0.6256673477650062,0.05714212217918588,0.625,0.06
-1.0708924980611123,0.12412362076215927,-1.078125,0.12
-0.2234627853258509,0.1357000247046046,-0.21875,0.14
0.47323762457354485,0.09635855436715637,0.46875,0.1
-0.846793718068405,0.024257638765706774,-0.84375,0.02
-0.4465149520670211,0.14281993971617363,-0.453125,0.14
0.21409374413020396,0.0377130610644006,0.21875,0.04
0.173180925851182,0.11926586898644184,0.171875,0.12
-0.883857436201133,0.1076862552972764,-0.890625,0.11
0.058208718445999896,0.04285148510846885,0.0625,0.04
0.3577873603482833,0.12803922631841172,0.359375,0.13
1.083051243175277,0.15269010260174515,1.078125,0.15
-1.377669367957091,0.053108748004243866,-1.375,0.05
0.5150352672086598,0.12568929754561045,0.515625,0.13
0.5150476863060479,0.29263657453273606,0.515625,0.29
0.570890510693167,0.15677828200902996,0.578125,0.16
0.9540017634932023,0.1325695625652899,0.953125,0.13
-0.3152692446403456,0.13794846102466338,-0.3125,0.14
-0.7728252145375718,0.08815906966299956,-0.765625,0.09
-0.48536354782910346,0.10409370696931614,-0.484375,0.1
2.3146585666735087,0.006636740370412592,2.3125,0.01
0.6862601903745135,0.019364206440517423,0.6875,0.02
-0.47193186578943347,0.15444752984836832,-0.46875,0.15
0.06428001909546277,0.0461127611035347,0.0625,0.05
-0.7153037092599682,0.1339798874467338,-0.71875,0.13
-0.7303666317171367,0.11082292947909875,-0.734375,0.11
0.045571839903813784,0.06741998261970915,0.046875,0.07
2.1439440893253257,0.13169595111590057,2.140625,0.13
-2.025142586657607,0.10932271573847138,-2.03125,0.11
-0.661786464768388,0.1426216667398112,-0.65625,0.14
-0.7925207384327007,0.09426317792665506,-0.796875,0.09
0.5049872789804571,0.14328775970850607,0.5,0.14
-1.2002964070557762,0.08327493820795259,-1.203125,0.08
-0.4749453111609562,0.06733353837131441,-0.46875,0.07
1.7654542402810969,0.12024908554804778,1.765625,0.12
-1.2608839543350452,0.1458930973527388,-1.265625,0.15
2.1221561970126332,0.15162326302755735,2.125,0.15
-1.5193699659540134,0.07578829635668743,-1.515625,0.08
1.2669111491866227,0.06461652671906096,1.265625,0.06
0.44381942814622843,0.13873170267146684,0.4375,0.14
-0.926930471578083,0.09702373219691,-0.921875,0.1
-3.2412673400690726,0.04878061793328551,-3.234375,0.05
-0.2525681513931603,0.03761084090175753,-0.25,0.04
1.6324113039316352,0.028492931101968363,1.625,0.03
-0.44004448669698376,0.10653702886430458,-0.4375,0.11
1.4412732890661155,0.02820689244102803,1.4375,0.03
1.1631637521549596,0.10051165305097935,1.15625,0.1
-0.9815086510479509,0.12310517371316354,-0.984375,0.12
0.19905969557347003,0.06998915614206028,0.203125,0.07
0.06980208499001891,0.080734320156912,0.0625,0.08
0.11351734525124804,0.13310653372605236,0.109375,0.13
1.586016816145352,0.03810922505865755,1.59375,0.04
2.1330333746562666,0.0023956100238749084,2.140625,0.0
-0.15178509503558332,0.12941586032422883,-0.15625,0.13
0.28099186773503265,0.06886502400897032,0.28125,0.07
-0.20812225035727522,0.07534995326705836,-0.203125,0.08
-0.5893647569442115,0.14248010485105123,-0.59375,0.14
0.35701548596504734,0.06535452023696729,0.359375,0.07
0.8995998754332507,0.11536497604383047,0.90625,0.12
0.8128621188389601,0.13148144209618062,0.8125,0.13
-0.8289950109220723,0.07199094799015153,-0.828125,0.07
0.7472936051232618,0.13051851327167324,0.75,0.13
-0.020901593964148132,0.10586636916543911,-0.015625,0.11
1.277664895788425,0.07042143055820851,1.28125,0.07
0.5470973811700379,0.0898903673783053,0.546875,0.09
-0.2176812032272203,0.15493884259935953,-0.21875,0.15
0.8254163489880298,0.14067548180003192,0.828125,0.14
1.305478807154329,0.10105019208163796,1.3125,0.1
0.6819529712949639,0.0844866621703272,0.6875,0.08
0.3241663524884421,0.09349284728161578,0.328125,0.09
0.09699596499271819,0.1297578512718457,0.09375,0.13
-0.8182206832334725,0.20461936378427303,-0.8125,0.2
-1.006017381499702,0.0392905693606134,-1.0,0.04
1.1581108735000678,0.13958313469814682,1.15625,0.14
0.6241198170521551,0.131417275463214,0.625,0.13
-0.012246772846914623,0.05513728142570842,-0.015625,0.06
0.07580455819372633,0.06614191442439442,0.078125,0.07
0.9751197334177512,0.09264713092489307,0.96875,0.09
-0.8254971967925115,0.08393070791735033,-0.828125,0.08
0.41293145427562433,0.07181377235980127,0.40625,0.07
-0.8222203955664315,0.11218436057459562,-0.828125,0.11
0.24496657110872277,0.07465284123144351,0.25,0.07
-0.4710383056183228,0.11160249686788182,-0.46875,0.11
-1.4480843414973241,0.02962681128117224,-1.453125,0.03
-0.718444221252436,0.08932764241440765,-0.71875,0.09
0.3109075655980046,0.1737678108474776,0.3125,0.17
0.8576596232020194,0.09200307350182865,0.859375,0.09
-0.01901620790268883,0.04987353176810956,-0.015625,0.05
-0.01851313599238993,0.08556706805399308,-0.015625,0.09
0.3227185603380895,0.058638452822383856,0.328125,0.06
0.5193465142411723,0.17663694565012888,0.515625,0.18
-0.1087601484568576,0.12008558610494707,-0.109375,0.12
0.6901439917111125,0.07993897640570818,0.6875,0.08
0.22409248181041677,0.10062962003908975,0.21875,0.1
0.09767609854883172,0.06134951080722668,0.09375,0.06
0.024510174258942714,0.1248999145622725,0.03125,0.12
1.4511436077950417,0.14796354130426034,1.453125,0.15
2.1531824575115563,0.06163262185559753,2.15625,0.06
0.8723206367206782,0.10916710028691759,0.875,0.11
2.1898029332176723,0.05958508573224243,2.1875,0.06
-0.8397218421807761,0.0700303677277989,-0.84375,0.07
-2.123895724309807,0.07371224891596195,-2.125,0.07
-0.759132661553698,0.10751968932381038,-0.765625,0.11
0.34175597577715944,0.19380854196079433,0.34375,0.19
0.9504238381860503,0.07115481721687986,0.953125,0.07
-0.898414671348358,0.1245959585753253,-0.890625,0.12
-1.3202332070206422,0.1915729382927177,-1.3125,0.19
1.179440120721287,0.07654121739476477,1.171875,0.08
-1.7131345290908775,0.16769361870827065,-1.71875,0.17
-0.11453984525261789,0.1618908155986731,-0.109375,0.16
-1.594427658794367,0.07003124885231136,-1.59375,0.07
0.005243699718183166,0.10234902968823711,0.0,0.1
-0.45006547147924364,0.13114249661737495,-0.453125,0.13
-1.0676204293825944,0.09288102574893534,-1.0625,0.09
0.12029563171189886,0.12572194170293746,0.125,0.13
0.7116148780888898,0.04376789540810654,0.71875,0.04
-1.5341141707356223,0.16388384109492546,-1.53125,0.16
0.33231401197959165,0.06257567317217233,0.328125,0.06
1.551151975522523,0.10578373171464293,1.546875,0.11
1.1792971840638264,0.10337592407050546,1.171875,0.1
2.060747924881987,0.18776704212216022,2.0625,0.19
-0.2489641484790735,0.14857854754771777,-0.25,0.15
0.6453759495851475,0.16843157787661744,0.640625,0.17
-0.9649234605801045,0.134302572999922,-0.96875,0.13
1.0584244868495878,0.012063025678844291,1.0625,0.01
-1.183258512665775,0.001961608888005034,-1.1875,0.0
-0.26940683444455776,0.13587711278979814,-0.265625,0.14
1.502357052096028,0.10370473902098877,1.5,0.1
1.6286155455712918,0.030994927089255428,1.625,0.03
-1.7033824393551547,0.09722261505516906,-1.703125,0.1
0.3840654489393073,0.09836526259529535,0.390625,0.1
-2.0674421000398766,0.09554399802436059,-2.0625,0.1
-1.3044695005048532,0.13348362744150194,-1.296875,0.13
0.36659824609684827,0.05300601068363224,0.359375,0.05
-0.5138669173366935,0.047039323905552426,-0.515625,0.05
-0.06267909727317188,0.14775711602506192,-0.0625,0.15
-0.9857260463355437,0.12520232577589224,-0.984375,0.13
-0.5302576183724408,0.060356358386882795,-0.53125,0.06
-0.10703035995455783,0.0482378838790313,-0.109375,0.05
-0.553649305347182,0.04010610537055758,-0.546875,0.04
1.9647251329163893,0.10176317759858644,1.96875,0.1
-0.6997255079925856,0.11069899553671111,-0.703125,0.11
-0.11232804969082982,0.08895152002333885,-0.109375,0.09
0.6141667000434252,0.13787538550236528,0.609375,0.14
-0.5305011476105275,0.07120908796776601,-0.53125,0.07
-0.275051697151644,0.015096058236779245,-0.28125,0.02
-1.5151910621985523,0.16834371337222626,-1.515625,0.17
1.6449677135012837,0.08754819802218108,1.640625,0.09
0.5765569630557664,0.11556250772717681,0.578125,0.12
3.0788808084552377,0.15597874557172886,3.078125,0.16
-0.12791759148076653,0.05222297796997871,-0.125,0.05
-1.6064463202575725,0.11017318179336116,-1.609375,0.11
-0.7563507452843033,0.028887314520116295,-0.75,0.03
-0.6465728842425266,0.045922599819280256,-0.640625,0.05
1.6871416350725648,0.14408198784747253,1.6875,0.14
-0.007972641316617372,0.1739972069445013,-0.015625,0.17
0.0773683076476183,0.05693578993358682,0.078125,0.06
1.5231240772696573,0.12694550218423295,1.515625,0.13
-1.0372461543264564,0.0904830660958196,-1.03125,0.09
-0.8756182533847572,0.0308600134517832,-0.875,0.03
0.9261775475316414,0.19547083202350654,0.921875,0.2
-1.3985675738191412,0.12814846183452855,-1.40625,0.13
-0.6506425691218269,0.0756437308117652,-0.65625,0.08
-0.5923939242388692,0.056800461516009204,-0.59375,0.06
0.04852162794482699,0.05845249417944812,0.046875,0.06
0.2704568257798388,0.09748809452754316,0.265625,0.1
-0.23894804686640975,0.05462181689792011,-0.234375,0.05
-0.5767713305683327,0.1377695612912878,-0.578125,0.14
0.5009171876243808,0.05112223776007245,0.5,0.05
0.09933230542922587,0.13756935616858945,0.09375,0.14
-1.6694052811213718,0.12716800961899677,-1.671875,0.13
-0.6626237589458467,0.12852993342965796,-0.65625,0.13
-0.7632591565425169,0.00975589496677405,-0.765625,0.01
-1.6275424378831627,0.1024042473330691,-1.625,0.1
0.25972250172148187,0.05478416874477957,0.265625,0.05
0.6385924587773739,0.01692399688655201,0.640625,0.02
-0.06607979864731657,0.03944919001187717,-0.0625,0.04
-0.6518361078021592,0.1023699335658207,-0.65625,0.1
-0.8604133652839524,0.08077222278850874,-0.859375,0.08
1.0062928092144405,0.07115540652384257,1.0,0.07
0.8356921120651418,0.043514657267119096,0.828125,0.04
0.5298041779152828,0.17207843103289502,0.53125,0.17
-2.4716445001272893,0.060155237226476165,-2.46875,0.06
0.57707212718054,0.08984773069785038,0.578125,0.09
0.37114587337130883,0.06980074066420898,0.375,0.07
0.08658978747289992,0.09221613823039604,0.09375,0.09
1.1677820616598074,0.11272104216506067,1.171875,0.11
0.3376026620752022,0.07940615169387663,0.34375,0.08
-0.48760622407249354,0.07837209060901895,-0.484375,0.08
0.39445214237829684,0.07895077595898686,0.390625,0.08
0.2897748568964129,0.20377003993227194,0.296875,0.2
0.8711247034316923,0.08369882339160795,0.875,0.08
1.2012139221639448,0.07959623134892244,1.203125,0.08
-2.038124535177854,0.0495956844541298,-2.03125,0.05
-1.8707919210258557,0.08242432579793457,-1.875,0.08
0.0184183791895517,0.18382186561376415,0.015625,0.18
0.32692737376416264,0.08904497355955679,0.328125,0.09
0.8294055811834892,0.01055676545039426,0.828125,0.01
0.23561455810856594,0.13854325969434836,0.234375,0.14
-1.4785862457798415,0.15718770216034647,-1.484375,0.16
0.3384964074944141,0.07923560430495993,0.34375,0.08
0.6327818661062848,0.2135346428902198,0.625,0.21
0.18186625505849516,0.11241102931501681,0.1875,0.11
-0.4593608995402441,0.057507781526760414,-0.453125,0.06
0.8303358165442456,0.05719580870455664,0.828125,0.06
0.07156623721939247,0.07611712766174417,0.078125,0.08
0.47897982574639186,0.11668310526434741,0.484375,0.12
1.0375399442578992,0.07449918005726265,1.03125,0.07
-0.26987493529337125,0.05106181421088463,-0.265625,0.05
-0.4442932600761116,0.11886502465224262,-0.4375,0.12
0.7569886166453519,0.05389173379111873,0.75,0.05
0.8696059201056602,0.16778189294024753,0.875,0.17
0.41343490322370086,0.1938397906279033,0.40625,0.19
-0.773789199103573,0.03776726483442915,-0.78125,0.04
-1.7787202489042786,0.17480221557445916,-1.78125,0.17
0.6543656563540577,0.09722076645447725,0.65625,0.1
0.2799686263198203,0.04372554763508118,0.28125,0.04
2.4457519796168263,0.10646105909876138,2.453125,0.11
0.10939479460489289,0.1362883311949346,0.109375,0.14
0.4810092317367132,0.11119420121395657,0.484375,0.11
-0.7904744554453119,0.12357341785679979,-0.796875,0.12
1.8820244964750337,0.16727100230774888,1.875,0.17
1.593186626639397,0.07443921617844075,1.59375,0.07
-0.9896048202585809,0.0937106539950176,-0.984375,0.09
0.055724912288694604,0.15470957592354745,0.0625,0.15
-1.6924646297148194,0.17647751597303069,-1.6875,0.18
-0.15800789857898942,0.078655946502629,-0.15625,0.08
-1.0121043752601675,0.01725716640671153,-1.015625,0.02
0.8231705839619146,0.1036658983594202,0.828125,0.1
-1.2899608997410539,0.0352460613968192,-1.296875,0.04
-0.3357846992901282,0.18345107626446966,-0.328125,0.18
-0.2595913513636048,0.024842852344094696,-0.265625,0.02
-0.24574306408594432,0.08636382151261648,-0.25,0.09
-2.6968866429415717,0.0972852566741094,-2.703125,0.1
-0.23093453020867796,0.1348103182406709,-0.234375,0.13
1.8489560949453452,0.15632825147738788,1.84375,0.16
-0.26888869055483056,0.044673704562916486,-0.265625,0.04
2.5733598032498604,0.10296092170072442,2.578125,0.1
0.013929291912946203,0.09879374564449984,0.015625,0.1
0.19808476076785494,0.09278197940380288,0.203125,0.09
-0.5736620068802363,0.0726570529379804,-0.578125,0.07
-0.03275327021599839,0.07282876144331175,-0.03125,0.07
-0.7128457826771644,0.10532151138459485,-0.71875,0.11
-0.2549772174208553,0.17519964942913444,-0.25,0.18
-2.650969808393012,0.1545753425961231,-2.65625,0.15
1.246085192497629,0.0036695116204074757,1.25,0.0
-0.34268759408034877,0.08142795670021043,-0.34375,0.08
-1.4075116947178212,0.061109165620456235,-1.40625,0.06
-1.1105758454658288,0.18761352217118116,-1.109375,0.19
0.9356783931474612,0.16357775474970793,0.9375,0.16
0.7216720640432351,0.04354741143913854,0.71875,0.04
-0.5245202662797737,0.12446872806139592,-0.53125,0.12
-1.2221278088919454,0.1356499215086194,-1.21875,0.14
-0.24032539815813503,0.08125895962252012,-0.234375,0.08
0.7109599682034915,0.122213165574302,0.71875,0.12
-0.3609661658190799,0.1579664901682124,-0.359375,0.16
-1.0810633275998973,0.1307967803472132,-1.078125,0.13
0.5931012579683838,0.0845226780343005,0.59375,0.08
0.326133022242118,0.03744432118073486,0.328125,0.04
0.924027019206901,0.09075489317785056,0.921875,0.09
-0.5227230205190395,0.15245046129184447,-0.515625,0.15
-0.7043436905427592,0.029576935181822014,-0.703125,0.03
-1.5566291735239037,0.130300497567282,-1.5625,0.13
-1.280429352496283,0.18773970909921825,-1.28125,0.19
-2.081929407883722,0.18482281841450193,-2.078125,0.18
0.2110174672026184,0.09516434440648039,0.21875,0.1
-0.5449190868089497,0.11995680571760355,-0.546875,0.12
-0.037634702424848364,0.15516509410082607,-0.03125,0.16
0.11422764866203965,0.10751508807309389,0.109375,0.11
-0.36361221221385587,0.09715271881394663,-0.359375,0.1
0.3078017688920592,0.014491580367168716,0.3125,0.01
-1.348185422105713,0.13716320470113574,-1.34375,0.14
0.17086543812794186,0.09080083318236605,0.171875,0.09
0.01843393306539316,0.11737908526808356,0.015625,0.12
-0.5397596803093615,0.06108476372988437,-0.546875,0.06
0.19584525509768155,0.0510813611192484,0.203125,0.05
0.40825275571447184,0.014870819788107975,0.40625,0.01
1.0291556373256436,0.12362987412065216,1.03125,0.12
0.25602973431387566,0.1491345491972757,0.25,0.15
1.6654744444625766,0.15071850325090652,1.671875,0.15
-1.8408742313316453,0.03602115166321493,-1.84375,0.04
-0.6248185776956788,0.1013045525105417,-0.625,0.1
0.517659020469123,0.06371280934232673,0.515625,0.06
0.18676676447707832,0.062230853382333876,0.1875,0.06
-0.6115178029919482,0.029666945157588887,-0.609375,0.03
-0.9232332461109043,0.03241576971918332,-0.921875,0.03
-0.9758732529773327,0.152682089830392,-0.96875,0.15
-0.949398888831943,0.23161910324186955,-0.953125,0.23
0.4933179008808892,0.1092418061847437,0.5,0.11
-0.8583577801812136,0.13501549397044957,-0.859375,0.14
-0.5756378262377739,0.10610049073226807,-0.578125,0.11
2.5600845382687947,0.09519700501376752,2.5625,0.1
1.1492733262856758,0.06484117874370562,1.15625,0.06
-0.0349884904969617,0.1885400317817755,-0.03125,0.19
-0.6269670577877674,0.19062242789984646,-0.625,0.19
0.7077519354554754,0.07187666120528663,0.703125,0.07
0.632407739055521,0.1486277224813365,0.625,0.15
0.6218099622171964,0.02148876400547718,0.625,0.02
-0.7271371758248686,0.08762406822242477,-0.734375,0.09
-0.07443342910004629,0.1310336048775339,-0.078125,0.13
0.17770100093325383,0.03323278206449494,0.171875,0.03
0.3801978510059632,0.13052928726419116,0.375,0.13
0.5597904479310398,0.1540390362777311,0.5625,0.15
0.8339221545489041,0.12295900396142184,0.828125,0.12
-0.07016571145864703,0.016951953324200436,-0.0625,0.02
0.42961821913258585,0.11038438435815556,0.421875,0.11
0.27157883719537346,0.03616257120898453,0.265625,0.04
-1.0810565404082624,0.1526576426666452,-1.078125,0.15
-0.03955515385665504,0.13407503486863123,-0.046875,0.13
0.028318376130461172,0.10148780697478726,0.03125,0.1
0.9382838059759977,0.07419776358913131,0.9375,0.07
0.09612077694098337,0.07688623556474788,0.09375,0.08
-0.4344962274323156,0.08454139382656803,-0.4375,0.08
0.22213377163371284,0.07606256891682614,0.21875,0.08
1.2557561255735208,0.05526963488902481,1.25,0.06
-0.18687164416135904,0.07801344708629127,-0.1875,0.08
1.4469778843537329,0.10982773882557874,1.453125,0.11
1.0318445394686349,0.0257219813481514,1.03125,0.03
0.26705026586925884,0.14448153978117187,0.265625,0.14
0.08228398927542419,0.15327401875326757,0.078125,0.15
-0.5172884501003722,0.170467372009279,-0.515625,0.17
2.2988981236192503,0.08185807197801705,2.296875,0.08
-0.4455025214007718,0.17266922385588507,-0.453125,0.17
1.5795721457307124,0.0738569986423366,1.578125,0.07
-0.42018681709585726,0.08591076955697464,-0.421875,0.09
-1.344450511034277,0.05406740267579009,-1.34375,0.05
-1.0041407667520679,0.06161012174479358,-1.0,0.06
-0.03468488738678118,0.11171073662682604,-0.03125,0.11
1.5505004928140769,0.050082297963060456,1.546875,0.05
0.9843223984765838,0.08930055778872456,0.984375,0.09
-0.04946370965243295,0.1337409746083302,-0.046875,0.13
-1.1227220215622986,0.11912048730920254,-1.125,0.12
0.1664522082130561,0.12462256320040746,0.171875,0.12
0.2891686439078181,0.22276500699554472,0.296875,0.22
-0.637739984251316,0.07345015224990913,-0.640625,0.07
-0.6231405264247644,0.07222614404198727,-0.625,0.07
-0.6373871273065177,0.1594508265553776,-0.640625,0.16
1.4205042479898549,0.0714626853125262,1.421875,0.07
-0.8323555731042287,0.12357077781932022,-0.828125,0.12
-0.5522230442809712,0.13164659088777556,-0.546875,0.13
0.2029230208512997,0.024212794250138406,0.203125,0.02
1.5475052013300616,0.1897938836547761,1.546875,0.19
-0.6127886904843862,0.08061492200320079,-0.609375,0.08
0.28586539072490497,0.11672283949935125,0.28125,0.12
0.6585442726728304,0.2005102269383175,0.65625,0.2
-0.1769472274940494,0.060085137773077314,-0.171875,0.06
-1.3793192280145272,0.06345349800290405,-1.375,0.06
-0.033126972873797095,0.1897278931758894,-0.03125,0.19
-0.5176112990361714,0.11118939758194493,-0.515625,0.11
-0.016422896072752075,0.1594196636724042,-0.015625,0.16
2.5269324258736217,0.07345656135398397,2.53125,0.07
-0.48943944251822213,0.1522080438534536,-0.484375,0.15
0.6818914896263114,0.1923353662868017,0.6875,0.19
0.5839281853259639,0.08203539546064703,0.578125,0.08
0.5906548306923093,0.1554351790291454,0.59375,0.16
0.820482181197364,0.1253637015553649,0.828125,0.13
1.066674689589154,0.15846477952228366,1.0625,0.16
1.3821589910375272,0.13243549437948215,1.375,0.13
-0.16711808031685435,0.10733568432166615,-0.171875,0.11
1.2065089665083568,0.0591532164506382,1.203125,0.06
0.3686733088729012,0.08033305938363197,0.375,0.08
0.028744822934817487,0.16392259313036495,0.03125,0.16
0.19109906801990334,0.10232182740780744,0.1875,0.1
-1.3598561409799192,0.13731267830136104,-1.359375,0.14
0.6454841811410754,0.20816273616527303,0.640625,0.21
-0.30777823495300083,0.11095751638319695,-0.3125,0.11
0.24938368371075526,0.17887266398817372,0.25,0.18
-0.0952955323869521,0.11395107628851697,-0.09375,0.11
0.6078965097165392,0.10933045615781792,0.609375,0.11
-0.44643361455052827,0.10970449964491538,-0.453125,0.11
1.073631749859772,0.04867423502944699,1.078125,0.05
0.132969674146876,0.06499395925304134,0.140625,0.06
1.1950466289248425,0.023840654760811264,1.1875,0.02
-0.5589218472715883,0.11886059375322605,-0.5625,0.12
1.5655240292343404,0.09671248694635061,1.5625,0.1
-0.5551995266931984,0.19405785347202953,-0.5625,0.19
-1.448013900416244,0.0099402978310041,-1.453125,0.01
0.4400144500533324,0.07489728878236945,0.4375,0.07
-1.0212328171307132,0.1354178223649677,-1.015625,0.14
0.24380071377119883,0.07179606846316358,0.25,0.07
-1.2803043986708944,0.14362286641400723,-1.28125,0.14
0.650201177958661,0.09504120681103086,0.65625,0.1
1.8466369960476658,0.04649576168369238,1.84375,0.05
-1.5255251709247388,0.06540459650593777,-1.53125,0.07
-0.045586016355497805,0.11216697246613459,-0.046875,0.11
-0.24123605785632987,0.11760276982571485,-0.234375,0.12
-1.251539424190444,0.17218823020366297,-1.25,0.17
-0.0821511783925688,0.1558647915794064,-0.078125,0.16
0.34272534637770413,0.12283766095768921,0.34375,0.12
0.5697672802322039,0.12238542800086576,0.5625,0.12
0.6427227598675439,0.16645762650662158,0.640625,0.17
0.19652116970147013,0.13545018787942562,0.203125,0.14
-0.08973569428722672,0.17200586077247365,-0.09375,0.17
-0.6763923020592697,0.1900470216455408,-0.671875,0.19
-0.04015795064434341,0.028461244894097598,-0.046875,0.03
0.12810441491078928,0.06594741712625596,0.125,0.07
0.8406435489887241,0.06736880103488047,0.84375,0.07
-0.4461834332147797,0.005522963452723448,-0.453125,0.01
-0.4523063192490767,0.021193966331447836,-0.453125,0.02
-1.5839028234857233,0.13802073280721489,-1.578125,0.14
0.7858001586508322,0.12127287808924825,0.78125,0.12
-0.966976143129213,0.09761443219290102,-0.96875,0.1
-0.0036025390905684044,0.042081765540372865,-0.0,0.04
1.5033983017671506,0.14386811452878356,1.5,0.14
-0.22096417382966393,0.10134429194972655,-0.21875,0.1
0.20838280794755248,0.0020867434212145375,0.203125,0.0
-0.24717738252059693,0.06590078760011008,-0.25,0.07
-1.0016200098949155,0.08594498535570226,-1.0,0.09
1.7976865268495226,0.1320421430633505,1.796875,0.13
-0.5711789897827968,0.12862913906780793,-0.578125,0.13
1.3993554365860021,0.14623168414563845,1.40625,0.15
0.05963036992017413,0.0676531611147213,0.0625,0.07
0.6982233136135899,0.11967426927108749,0.703125,0.12
0.8951932200277323,0.1317585900840985,0.890625,0.13
1.0495527153193351,0.07323823942197161,1.046875,0.07
1.3173940656343257,0.10987998023461999,1.3125,0.11
2.0752608726252655,0.06554060909552162,2.078125,0.07
1.7359638031652493,0.1098955391731324,1.734375,0.11
-0.6514180036144483,0.07580570829728392,-0.65625,0.08
-0.32034730819432017,0.12120829732009583,-0.328125,0.12
0.5228354880354996,0.07131499980307106,0.515625,0.07
-0.02435459226098284,0.20711351793059318,-0.03125,0.21
1.7275431701007113,0.12181618348370161,1.734375,0.12
0.03800347816820029,0.10600156633591307,0.03125,0.11
0.6135179727304166,0.048860371740079726,0.609375,0.05
-0.2573765374233451,0.01657079630612053,-0.25,0.02
0.39922312260527926,0.13235979698513706,0.40625,0.13
-0.483186462299374,0.17869933816450165,-0.484375,0.18
-1.2257656630023412,0.026781255989508992,-1.21875,0.03
0.22445181855997204,0.15235491513060773,0.21875,0.15
1.6839276914578687,0.07705578685655301,1.6875,0.08
1.0786808334312956,0.09807457652496465,1.078125,0.1
-0.17262729994081963,0.1441829968743336,-0.171875,0.14
0.6523228784134196,0.021180392150787528,0.65625,0.02
1.4765403497258958,0.1690045677073726,1.46875,0.17
-0.6255627015095294,0.11979017667187046,-0.625,0.12
0.4940301862827388,0.11303368829119537,0.5,0.11
-0.5503051538454201,0.06641883160309742,-0.546875,0.07
-0.025554070991445278,0.15863645096296825,-0.03125,0.16
0.5436001545944323,0.0814692833956947,0.546875,0.08
0.7716987106483447,0.04242713103150378,0.765625,0.04
1.1487657003721035,0.013014311061095019,1.15625,0.01
-0.36244094140313216,0.04401650526869281,-0.359375,0.04
-1.2946814757209058,0.15804133936892598,-1.296875,0.16
-0.46770120131189136,0.1173251940865358,-0.46875,0.12
-0.04692057887918407,0.12385204136115607,-0.046875,0.12
0.07682189106025536,0.03585038879057152,0.078125,0.04
0.99626681944714,0.07531217084193438,1.0,0.08
-1.556581898659751,0.07859424195170438,-1.5625,0.08
1.5007597906343109,0.14251108710567464,1.5,0.14
-0.3486521344078592,0.08253711478407856,-0.34375,0.08
-0.3216350512173826,0.20383739917804206,-0.328125,0.2
0.38193545223155334,0.12150208235955348,0.375,0.12
1.0302834540318422,0.11193945795132568,1.03125,0.11
-0.2590421458207031,0.09018250754575109,-0.265625,0.09
-0.07160125941406395,0.09813888817450793,-0.078125,0.1
0.7276295436369798,0.10259729429036497,0.734375,0.1
0.7326400772155792,0.09596417099457089,0.734375,0.1
0.07863519031609059,8.996577339462353e-05,0.078125,0.0
0.9163276747024814,0.11732442379489964,0.921875,0.12
0.9980101098596522,0.04481276890968447,1.0,0.04
2.0883747047807275,0.09302051859224132,2.09375,0.09
1.1081828167375165,0.04800470364372346,1.109375,0.05
0.6127739050625697,0.047329221841317194,0.609375,0.05
-0.6237689606958051,0.19570156769333932,-0.625,0.2
-0.19068240076334658,0.11087164365898615,-0.1875,0.11
0.8700677306887542,0.12478409439863024,0.875,0.12
0.15041890514357642,0.11824805012331127,0.15625,0.12
2.403415585238275,0.09711906014832074,2.40625,0.1
0.2010990467149675,0.1525327198003806,0.203125,0.15
1.1055259329579838,0.15935151527801902,1.109375,0.16
0.6387302220291846,0.04284975436347582,0.640625,0.04
1.633431532301096,0.042682730349065605,1.640625,0.04
0.30263546523903323,0.062286207499032104,0.296875,0.06
-0.06413834659299254,0.11643812051517402,-0.0625,0.12
0.32135721545027307,0.12109603771176425,0.328125,0.12
1.613711269058647,0.122676715075699,1.609375,0.12
-0.24415663529064868,0.14820435841441787,-0.25,0.15
1.1894704889246406,0.03861960924315038,1.1875,0.04
0.597400069849858,0.13505863711554492,0.59375,0.14
-0.29756350335999193,0.16878534066558099,-0.296875,0.17
-0.15005558703252672,0.10627882267357712,-0.15625,0.11
-0.1730718242838696,0.10077895237907339,-0.171875,0.1
-1.0962750868952018,0.02799745587028528,-1.09375,0.03
1.5945050632249722,0.05765193258408361,1.59375,0.06
-0.9913923494563072,0.007669505680185734,-0.984375,0.01
-0.6389617476895022,0.033845510329625086,-0.640625,0.03
1.642015160136369,0.15049085446713173,1.640625,0.15
-0.6881503451777238,0.21262179026721545,-0.6875,0.21
0.9817654869915943,0.08375843082456888,0.984375,0.08
-2.499405714873573,0.2145471286295371,-2.5,0.21
-1.389572466763596,0.017730062652155404,-1.390625,0.02
1.0225704320096403,0.22198762031696365,1.015625,0.22
1.3842728185105182,0.128195456002618,1.390625,0.13
0.594754341665286,0.1426707779390154,0.59375,0.14
0.7589285897867651,0.1140595711984688,0.765625,0.11
0.10420110395187607,0.09687034360502389,0.109375,0.1
-0.7539645888666763,0.0859662461566613,-0.75,0.09
-1.6929568141953855,0.09508301866026252,-1.6875,0.1
-0.9885911071509175,0.04482053413921146,-0.984375,0.04
0.17989415115347845,0.16960011431723,0.1875,0.17
0.918316606002313,0.021474969818841144,0.921875,0.02
-0.9896281365703375,0.1470385593994108,-0.984375,0.15
-0.9824873935383096,0.08876834250014877,-0.984375,0.09
0.5500520990245519,0.05158277725681824,0.546875,0.05
0.1053755061459599,0.03329872525408978,0.109375,0.03
-0.6013676439512137,0.11598909670712686,-0.59375,0.12
-1.5929937335316693,0.12202373689801996,-1.59375,0.12
-0.019637798926681216,0.1276244977208574,-0.015625,0.13
0.22391413406466143,0.1682070214986922,0.21875,0.17
0.12522450264790727,0.07852972294373736,0.125,0.08
0.12229750303228377,0.1271649014518194,0.125,0.13
0.04886007032570433,0.10202958456019412,0.046875,0.1
-0.7019916878067554,0.0668549541224526,-0.703125,0.07
-1.4026052717996935,0.187478837159347,-1.40625,0.19
-1.243863235391285,0.06535474011020465,-1.25,0.07
-0.7184072655691974,0.14474621884722208,-0.71875,0.14
-0.2949496782920278,0.1623871036336867,-0.296875,0.16
-0.6734906242438685,0.11394970811119011,-0.671875,0.11
-0.8353470532597573,0.20725745638866944,-0.828125,0.21
-1.1875984190295128,0.11549103551135138,-1.1875,0.12
0.6337768809320985,0.12068995487257492,0.640625,0.12
-0.1852876588777083,0.0935089650133287,-0.1875,0.09
0.0438114719791096,0.09264989991857557,0.046875,0.09
0.9638791167949097,0.21052615007956757,0.96875,0.21
-0.5574917850078336,0.031509851021046115,-0.5625,0.03
-0.08828204835125482,0.22898546688271593,-0.09375,0.23
-0.8036745679697308,0.18195584027220338,-0.796875,0.18
1.6777008140764407,0.07232058791460028,1.671875,0.07
0.5689830791852754,0.1814198311564269,0.5625,0.18
-0.3791277409874871,0.08982098199488192,-0.375,0.09
-0.5816809139486437,0.04926216346535666,-0.578125,0.05
-0.6492775450660071,0.038802986661887175,-0.65625,0.04
0.03408346825922607,0.06150133844706791,0.03125,0.06
0.2337859117907477,0.022205217689818632,0.234375,0.02
0.33088023221445706,0.14167644808044624,0.328125,0.14
-1.9937356425714554,0.11870282849237862,-2.0,0.12
1.2276689924732922,0.039517949065439734,1.234375,0.04
1.6725723868377034,0.12095095046830226,1.671875,0.12
-0.7050118557584089,0.0972115461171147,-0.703125,0.1
0.5583269125217224,0.10380026957062058,0.5625,0.1
0.5387559924463692,0.05396632034603169,0.53125,0.05
0.169360824036078,0.02931427515475099,0.171875,0.03
-0.11122606134870032,0.054804617926760515,-0.109375,0.05
-0.7355299425897666,0.16180465876052189,-0.734375,0.16
1.091310120594269,0.13045690604535887,1.09375,0.13
-1.092312764672579,0.08417957751525991,-1.09375,0.08
1.2130976999791834,0.10708584568199524,1.21875,0.11
2.319329539981694,0.11966589196971861,2.3125,0.12
0.1920491164900316,0.08454417678987494,0.1875,0.08
0.1335409047822823,0.09237650818097282,0.140625,0.09
0.7081086766885905,0.14783511583972922,0.703125,0.15
-0.7859894605079495,0.033438352322111106,-0.78125,0.03
-1.8362053731032966,0.12539956634562718,-1.84375,0.13
-1.1033666061738736,0.007644529647624146,-1.109375,0.01
0.3885786045309641,0.22464997587163954,0.390625,0.22
-0.006070911539893324,0.1419245387225821,-0.0,0.14
0.08182935854756501,0.09505551734044287,0.078125,0.1
0.9190764829877686,0.08548627279056743,0.921875,0.09
0.26739231407190295,0.11608489030980068,0.265625,0.12
-0.6680904536430488,0.14960211747682614,-0.671875,0.15
-0.17495975669540864,0.062212742025357766,-0.171875,0.06
0.5365098435704035,0.05507660091044814,0.53125,0.06
0.028181157369128247,0.09954405016778983,0.03125,0.1
1.085895565831578,0.12373491164399765,1.078125,0.12
-0.025026958745143917,0.14088831496001436,-0.03125,0.14
1.3902075490173134,0.12789051531759313,1.390625,0.13
0.010352619843380607,0.03440818838249203,0.015625,0.03
-1.0651136630753726,0.08473876478226662,-1.0625,0.08
-0.6095122021592831,0.0906514348507277,-0.609375,0.09
0.056649924897107164,0.12648463771783655,0.0625,0.13
-0.07049877805909122,0.12432508219131011,-0.078125,0.12
0.06447441481012024,0.0012266716823064322,0.0625,0.0
-0.9393353938187543,0.09279562221391924,-0.9375,0.09
-1.2096947428411076,0.12999643649981024,-1.203125,0.13
1.5307508323436974,0.16093809258486586,1.53125,0.16
-0.213442870930208,0.1745363068424976,-0.21875,0.17
0.14866745720211155,0.08314570144409804,0.15625,0.08
-0.6134026635409398,0.0848765156755936,-0.609375,0.08
-0.38817681854122876,0.10852081111877439,-0.390625,0.11
0.1605739810498646,0.10015230100767072,0.15625,0.1
0.43693816974634986,0.1595323137393171,0.4375,0.16
0.9495541354413237,0.025755101577504824,0.953125,0.03
-2.553921134901955,0.14671599556196369,-2.546875,0.15
-1.366878698415421,0.08876172990536582,-1.359375,0.09
-1.1701130260593595,0.009900978120999021,-1.171875,0.01
0.541462728204788,0.13795775801513235,0.546875,0.14
-0.5765104007267194,0.029552114607245494,-0.578125,0.03
-0.5462444482524828,0.11959020027012733,-0.546875,0.12
-1.4789115687741288,0.1091679959889578,-1.484375,0.11
-0.015309849172995557,0.12896457498005442,-0.015625,0.13
0.11958036841415326,0.05134655295592223,0.125,0.05
1.1965715016644913,0.0920735213486515,1.203125,0.09
-0.02730453950993186,0.0533366020463402,-0.03125,0.05
-0.4432822511915103,0.055759864298654954,-0.4375,0.06
-0.172946059923423,0.1855854240071172,-0.171875,0.19
-1.3719011429313563,0.01932193010616294,-1.375,0.02
1.4711703274936085,0.0895338161424067,1.46875,0.09
-0.6690727386599166,0.15199523436980383,-0.671875,0.15
-0.6056155397368641,0.1913004856773468,-0.609375,0.19
0.6779258713392691,0.07560442959271488,0.671875,0.08
2.1573082132655035,0.06971425384983308,2.15625,0.07
0.742095372009307,0.1149646290203246,0.734375,0.11
1.301741289398798,0.17807555983634266,1.296875,0.18
0.032004149065766624,0.06232910648269083,0.03125,0.06
0.4599721429391164,0.0661142315123947,0.453125,0.07
2.013387247526623,0.10682676655413688,2.015625,0.11
-0.3653215513121087,0.10923401529324543,-0.359375,0.11
-1.3471262895296965,0.05141929807446743,-1.34375,0.05
1.2004139079444254,0.06715528605143022,1.203125,0.07
-1.0469109826819396,0.12683263762636432,-1.046875,0.13
1.185704154662997,0.13594766553325335,1.1875,0.14
0.9960476858058164,0.06216024557152697,1.0,0.06
-1.4218106667418438,0.17506668259777436,-1.421875,0.18
-0.32267983884213575,0.08745834917724764,-0.328125,0.09
1.328194141849058,0.127811500470033,1.328125,0.13
0.45588777208160763,0.2082501172450542,0.453125,0.21
-0.643518230380143,0.14639200640406186,-0.640625,0.15
0.0570131248970845,0.11342961394316285,0.0625,0.11
1.5284684264125317,0.12539178781448118,1.53125,0.13
0.538296079049633,0.1536253668654901,0.53125,0.15
-0.3649527295428853,0.05803951663304968,-0.359375,0.06
-1.0448091940210336,0.0016821705311999141,-1.046875,0.0
2.056207129940322,0.044839581713915846,2.0625,0.04
-0.221253623585772,0.08615933500555398,-0.21875,0.09
0.30740669780910074,0.14078686062696485,0.3125,0.14
0.8604734883597454,0.07084612807155308,0.859375,0.07
-0.1671217137864115,0.114128997524415,-0.171875,0.11
-0.24869112618354708,0.18036727880099965,-0.25,0.18
0.49097495163825133,0.13674388930249087,0.484375,0.14
0.6628812686674127,0.15867369287426625,0.65625,0.16
0.18102155870370695,0.03515840260220768,0.1875,0.04
0.3996879517526416,0.06743215531040855,0.40625,0.07
-0.5286166817497568,0.12931820093775467,-0.53125,0.13
1.2382830714336357,0.10106357883680309,1.234375,0.1
0.3088330125989638,0.1851107472317619,0.3125,0.19
0.24075317948856828,0.23008415570901974,0.234375,0.23
0.5655096456315442,0.011961862042209115,0.5625,0.01
0.7533416211045325,0.11905791924413889,0.75,0.12
1.2897527540827456,0.13365906756349794,1.296875,0.13
-0.13845598398377382,0.03878508818553172,-0.140625,0.04
-0.20902325728602528,0.057473977289534996,-0.203125,0.06
-0.5805234498047227,0.12942892022103047,-0.578125,0.13
1.6699045043514062,0.11973357649114906,1.671875,0.12
-1.1958830620351844,0.12223013341100704,-1.203125,0.12
1.196631486645651,0.06951085478403089,1.203125,0.07
-0.1340171666729177,0.10073440973645986,-0.140625,0.1
-0.78489831308224,0.13241402169219296,-0.78125,0.13
-0.12094814860778157,0.1209766221953514,-0.125,0.12
-0.8874921778021001,0.07812708498382948,-0.890625,0.08
0.7223813578277714,0.08135834239541165,0.71875,0.08
1.7269638512334051,0.08001819071926988,1.734375,0.08
0.22468472575188592,0.1466295415936545,0.21875,0.15
-1.4183657329330317,0.011959559400961203,-1.421875,0.01
-1.5256563145700948,0.1631292051713591,-1.53125,0.16
-0.5518581458924467,0.22790996428341262,-0.546875,0.23
-0.5642475986573886,0.10922756515985185,-0.5625,0.11
1.5421099525678756,0.20030464440795615,1.546875,0.2
2.061503576636398,0.16041831152965713,2.0625,0.16
1.0240625258114624,0.12962634746005916,1.03125,0.13
0.7783610761666377,0.07244071418357334,0.78125,0.07
-0.8181988834223072,0.0998312771294524,-0.8125,0.1
-0.17018462252492844,0.07733859753363624,-0.171875,0.08
0.6963874474567153,0.14776526042852556,0.703125,0.15
0.08840688629184736,0.17387650405276311,0.09375,0.17
-1.141689114133505,0.0903170270360141,-1.140625,0.09
-0.7168223206028049,0.006673169146346997,-0.71875,0.01
-0.08268068584269925,0.09391262458083582,-0.078125,0.09
1.513449743242131,0.1315405842277389,1.515625,0.13
-1.024186824329205,0.19270462831670943,-1.03125,0.19
1.221033695525353,0.1291048851734308,1.21875,0.13
-0.22648409884983192,0.052028038163826014,-0.21875,0.05
-0.372206776071053,0.15443743098520932,-0.375,0.15
1.884586305934609,0.17716217641360946,1.890625,0.18
-0.4888494217862741,0.04401912833554944,-0.484375,0.04
0.14088624691120394,0.011578031721857424,0.140625,0.01
0.32316771418478146,0.09261987068506657,0.328125,0.09
-0.46603650186824225,0.020264846636660228,-0.46875,0.02
0.5136001065697166,0.07336495801690443,0.515625,0.07
-1.169916835710288,0.043613110664082466,-1.171875,0.04
-0.027514905050636255,0.18861257983348723,-0.03125,0.19
1.66125921454787,0.07714518717068641,1.65625,0.08
-0.6022120603617805,0.1234387128037512,-0.609375,0.12
-0.9983854391882915,0.1150895949909733,-1.0,0.12
0.7660802783846903,0.1613466611942154,0.765625,0.16
-0.10015407647995278,0.08981631249115171,-0.09375,0.09
-0.877982586756561,0.058655982298007,-0.875,0.06
-0.22647889190152676,0.1183682753408089,-0.21875,0.12
0.9135846262332494,0.05984105246598276,0.90625,0.06
1.4926885689595217,0.08644381994787156,1.5,0.09
-0.021367294348436157,0.06263941604260884,-0.015625,0.06
-2.4242402602729416,0.1442022698180525,-2.421875,0.14
0.7368438970924334,0.08593362214408934,0.734375,0.09
0.06699071722487192,0.12579696088520498,0.0625,0.13
-1.5625458568865427,0.07354736613268527,-1.5625,0.07
0.7942646796218271,0.03728552884153753,0.796875,0.04
0.2935579321666293,0.03217090976882975,0.296875,0.03
0.46642998243352635,0.09821792588512583,0.46875,0.1
-1.6151318159055095,0.15823696772285858,-1.609375,0.16
-0.7345915767980492,0.059487378149280956,-0.734375,0.06
0.20056919723094285,0.15743186747143578,0.203125,0.16
-1.015821818978397,0.1030839924923986,-1.015625,0.1
0.42881650033057295,0.13465528036315721,0.421875,0.13
0.1764415552772252,0.08164860804583389,0.171875,0.08
-0.8275902206487197,0.10430719415231875,-0.828125,0.1
-1.072139011985607,0.04606752417473037,-1.078125,0.05
0.4365598041576678,0.14519674205430977,0.4375,0.15
-2.3629324355418384,0.04951346476450313,-2.359375,0.05
0.6191542610051978,0.20287477348558494,0.625,0.2
0.020793707675407894,0.06359985293854328,0.015625,0.06
-0.18289644110484016,0.16874382095740925,-0.1875,0.17
-0.6459641791245353,0.060040399667487324,-0.640625,0.06
-0.4827435221820324,0.05233356958706439,-0.484375,0.05
0.12267031599479553,0.18123392292347804,0.125,0.18
0.3230792731160291,0.08738232489368562,0.328125,0.09
-0.2918112689155441,0.021840459565167142,-0.296875,0.02
0.883109777147159,0.09610814014935991,0.890625,0.1
-0.18047991359062565,0.25965537839224306,-0.1875,0.26
0.29875290836568624,0.06241044749524079,0.296875,0.06
-0.4263575962055433,0.15742228545983775,-0.421875,0.16
0.11327041053776446,0.028086101084131662,0.109375,0.03
0.9192289345752035,0.0665927957230503,0.921875,0.07
1.8732977762175456,0.15400240328573245,1.875,0.15
-0.4473218956587512,0.16405081808675565,-0.453125,0.16
0.0678555105274033,0.142638683756111,0.0625,0.14
0.48473281729447476,0.05768216725045633,0.484375,0.06
-0.643549832317462,0.15149804087905808,-0.640625,0.15
-0.33477533210654087,0.07981757683790017,-0.328125,0.08
-0.955122579349353,0.12117995327967306,-0.953125,0.12
2.062524919243145,0.04662335428728636,2.0625,0.05
0.02421945667275807,0.17061102777077147,0.03125,0.17
-0.07964139124571515,0.1226185898124867,-0.078125,0.12
-1.0623935281468797,0.12141535486038244,-1.0625,0.12
-0.18714426500454878,0.14928649978399317,-0.1875,0.15
1.1873860515647512,0.2294781821009307,1.1875,0.23
0.5796331732135757,0.11628981582910833,0.578125,0.12
0.19438430157733602,0.0823416853594656,0.1875,0.08
0.33848384346169114,0.08522992949304853,0.34375,0.09
0.1684609762696143,0.165879876780398,0.171875,0.17
-1.0065425652796411,0.1569939280564523,-1.0,0.16
1.3171150673398653,0.09409657365044607,1.3125,0.09
-2.1218548990085946,0.06960890064527839,-2.125,0.07
1.2969945465611092,0.0988565968850559,1.296875,0.1
-0.9993022322949108,0.07476125393858914,-1.0,0.07
0.840620026504553,0.12733667841006896,0.84375,0.13
-0.23893209916969432,0.08165877940926562,-0.234375,0.08
-0.3917581490438219,0.053879490775074874,-0.390625,0.05
1.6153756894694418,0.08388397653943301,1.609375,0.08
1.2171585208254965,0.1760658025961226,1.21875,0.18
0.9983108981479604,0.07841898436409758,1.0,0.08
0.40373009033660945,0.09879021968045419,0.40625,0.1
-0.9037018607301281,0.11621796408608015,-0.90625,0.12
-1.1790397911598025,0.1593839694230782,-1.171875,0.16
-0.4646172972983931,0.11005798279364197,-0.46875,0.11
0.28328787154614216,0.08705475131479613,0.28125,0.09
0.5866938014752747,0.07625481716887378,0.59375,0.08
0.8712972974572442,0.03270101598766258,0.875,0.03
0.12637957954641182,0.19694644995291424,0.125,0.2
-1.0003313246055747,0.06611275147375742,-1.0,0.07
0.513907849658915,0.1089790890969799,0.515625,0.11
0.3506300992735592,0.12445935650738318,0.34375,0.12
0.6347214685617699,0.15548499209781116,0.640625,0.16
0.40981865692851255,0.08793711726907288,0.40625,0.09
0.6725737012027313,0.1949940967447608,0.671875,0.19
-0.13263374638257355,0.051273534766467926,-0.125,0.05
1.1070806692869728,0.0939809418023201,1.109375,0.09
-2.172669546014036,0.1423710838575211,-2.171875,0.14
-0.5353281859539227,0.09547333588479197,-0.53125,0.1
0.33198033056901455,0.10952498398895333,0.328125,0.11
0.7094518171390395,0.07822568147150784,0.703125,0.08
0.5131057981760827,0.08702266612080414,0.515625,0.09
0.738810480887503,0.13076837420065268,0.734375,0.13
-0.9354387020445953,0.1542991058087516,-0.9375,0.15
-0.535963445114048,0.14040288991405725,-0.53125,0.14
0.36728731340134063,0.19190918383975614,0.375,0.19
-0.22346598237185214,0.08253416019409013,-0.21875,0.08
-0.01941960588773261,0.08484101085828623,-0.015625,0.08
0.7999419019420501,0.019184469578170604,0.796875,0.02
-1.053682419146354,0.04660985392104035,-1.046875,0.05
0.9503075919735757,0.18553066862909628,0.953125,0.19
-0.1044492185374715,0.09155891384049947,-0.109375,0.09
0.07005216311318138,0.15809391513040955,0.0625,0.16
-0.9273531341905741,0.11191844913673926,-0.921875,0.11
0.9751976297824297,0.12505470849699227,0.96875,0.13
0.1895816165987434,0.15005230462835706,0.1875,0.15
-2.703232292999237,0.1338937659765454,-2.703125,0.13
-0.6540756831274238,0.008468355157177157,-0.65625,0.01
0.5112025995249807,0.16868292725814787,0.515625,0.17
-0.13744851462769186,0.14764372736014694,-0.140625,0.15
1.6122782579886454,0.16574572267920237,1.609375,0.17
1.639964529371393,0.13710637455359462,1.640625,0.14
0.0754336389015928,0.019901709405141577,0.078125,0.02
-0.24606248812994858,0.05783767023419042,-0.25,0.06
2.1709427174978138,0.09120570937838318,2.171875,0.09
0.12320480678448567,0.12757426880202338,0.125,0.13
0.043602446372453724,0.18475255202153767,0.046875,0.18
-0.622649361734452,0.10973037276186215,-0.625,0.11
-0.7424705856980482,0.03399887443896471,-0.75,0.03
-0.6117690909052854,0.0981481601475794,-0.609375,0.1
-0.42930222451725997,0.0653789510063072,-0.421875,0.07
-1.4063174636718339,0.09584472136856527,-1.40625,0.1
-1.5047203740310022,0.13800279818448014,-1.5,0.14
0.08243975293450329,0.02712242502675348,0.078125,0.03
-0.30920907704986345,0.06239217972047084,-0.3125,0.06
0.31917451041918043,0.16702252230115722,0.3125,0.17
-1.8751724696457446,0.10575130395737087,-1.875,0.11
-0.1601327955666404,0.1335670038225233,-0.15625,0.13
0.21319662823768915,0.06240153341305905,0.21875,0.06
-0.31905393566661816,0.06019870715982555,-0.3125,0.06
1.0760071385985983,0.10106558243359712,1.078125,0.1
1.9011906857530074,0.09696695930926896,1.90625,0.1
-0.7084067669104628,0.02431428036935865,-0.703125,0.02
-1.803139676255945,0.02079320284972551,-1.796875,0.02
0.2671266510114834,0.1254362511614967,0.265625,0.13
-1.5811907020321334,0.14475191570380577,-1.578125,0.14
-0.4830610516834395,0.10733965059927747,-0.484375,0.11
1.6122206282554243,0.1448419657932766,1.609375,0.14
-0.2685306479058323,0.05544038872923563,-0.265625,0.06
-2.151815401329305,0.064042334037879,-2.15625,0.06
-0.21113023882769444,0.0506410236424408,-0.21875,0.05
-0.13125696709230472,0.10384259414793842,-0.125,0.1
-0.22485598180807856,0.06749987095882701,-0.21875,0.07
0.16865467196672768,0.12209703247847045,0.171875,0.12
-1.090399077442846,0.1705466189873135,-1.09375,0.17
-0.09858813228426173,0.10094248114724239,-0.09375,0.1
0.7082144232565571,0.11166080656317509,0.703125,0.11
0.9531366339132451,0.11435620826009121,0.953125,0.11
-0.6124373746404379,0.11807517626030509,-0.609375,0.12
-1.1437262073206618,0.10542798528882616,-1.140625,0.11
-0.0332299906444608,0.08959415713637302,-0.03125,0.09
-0.12853751143893075,0.005907547725118048,-0.125,0.01
-0.5487249077409615,0.10464224505705574,-0.546875,0.1
0.15985639199740037,0.048616242953702093,0.15625,0.05
1.2657078408647007,0.05669125758927496,1.265625,0.06
0.9694572005267368,0.12135971809358426,0.96875,0.12
-0.646227309843803,0.18876554463047562,-0.640625,0.19
-1.19363683175648,0.1459577086805001,-1.1875,0.15
1.0005823180429783,0.06646898954616776,1.0,0.07
1.3924653000643288,0.08749767427005237,1.390625,0.09
0.28869362927985703,0.11301609193856105,0.28125,0.11
-0.1343087414705478,0.1405404136579891,-0.140625,0.14
0.793488720552213,0.012573401338090956,0.796875,0.01
1.3043402428781525,0.01687540059821628,1.296875,0.02
1.0325462043416573,0.15633525684137917,1.03125,0.16
-1.0909664302151982,0.07945928560227077,-1.09375,0.08
-1.1057046684859357,0.08925394848556324,-1.109375,0.09
-0.30803428418574125,0.138983026613467,-0.3125,0.14
1.3103087461196083,0.1697841905394978,1.3125,0.17
-0.5621680265783021,0.08953890631277361,-0.5625,0.09
-1.6834381922209503,0.05970649667519057,-1.6875,0.06
0.9648516330974576,0.1807791411774116,0.96875,0.18
-1.234348871879922,0.0703767870423553,-1.234375,0.07
-0.02640575695892703,0.11400805794098035,-0.03125,0.11
-0.8096035199216461,0.12120305222320449,-0.8125,0.12
-0.47383934707091613,0.09927738645608605,-0.46875,0.1
0.5462842480036996,0.1003211134905469,0.546875,0.1
-0.4363858905265686,0.09451950980370846,-0.4375,0.09
-0.08836295920533532,0.08149944850589362,-0.09375,0.08
-0.25879606266710237,0.17993235852523587,-0.265625,0.18
0.5609194479412387,0.08522598409854198,0.5625,0.09
0.6969544045107356,0.08330902551219951,0.703125,0.08
1.1731246375866413,0.1184821096099047,1.171875,0.12
-0.10730214400422888,0.12238584629051388,-0.109375,0.12
-1.5708761520684993,0.04366162655450974,-1.578125,0.04
-1.1939250063990554,0.10714715473818534,-1.1875,0.11
1.732514999485092,0.21156500730963163,1.734375,0.21
0.6380511014407572,0.12504222374722285,0.640625,0.13
-1.801057734152739,0.07286631001329892,-1.796875,0.07
-0.7877837519082389,0.0689576200874442,-0.78125,0.07
-0.1681438185847896,0.07639547111514364,-0.171875,0.08
-1.9792998103757877,0.1373955128058767,-1.984375,0.14
-1.0727430257398065,0.11196234320555748,-1.078125,0.11
2.0740826697499735,0.05403077042067883,2.078125,0.05
-2.5302875227463297,0.08569978890599446,-2.53125,0.09
1.100959634998571,0.19791737271102972,1.09375,0.2
-1.2295495944524168,0.12483496116182609,-1.234375,0.12
-0.46531045678005334,0.09470258228479322,-0.46875,0.09
2.6443433470170348,0.024851483580242334,2.640625,0.02
0.25373966149457344,0.12338465858827166,0.25,0.12
1.0857863249393471,0.10489915767354478,1.078125,0.1
0.3080505395041023,0.08041757162891044,0.3125,0.08
0.26912694124510733,0.08284038622512949,0.265625,0.08
0.6215718898560508,0.08151948319781831,0.625,0.08
0.37710039390218647,0.09853685931575108,0.375,0.1
1.1260502507721681,0.0974303138205757,1.125,0.1
-1.7730324682068814,0.1630960750356996,-1.765625,0.16
-0.9057323008626189,0.06731168306755901,-0.90625,0.07
-0.5956612940434921,0.16872190465854087,-0.59375,0.17
-2.1356742139786955,0.2568874266829997,-2.140625,0.26
1.0560568090660518,0.11116194570645799,1.0625,0.11
-0.05489400061628639,0.11427770374288285,-0.0625,0.11
0.5211224283793383,0.13226077929750285,0.515625,0.13
0.5556044660034485,0.10447903406276245,0.5625,0.1
-0.1973384203073261,0.09243633581732442,-0.203125,0.09
-0.194908280352681,0.15668850484335323,-0.1875,0.16
0.5935567222808619,0.04701943173321402,0.59375,0.05
0.655900776529761,0.10973680973593875,0.65625,0.11
-0.018708756445897416,0.08057407734555572,-0.015625,0.08
1.1241127199860135,0.1473763231061429,1.125,0.15
-0.7728776678236091,0.12035261435622677,-0.765625,0.12
-0.971656734541286,0.03101909176055348,-0.96875,0.03
-0.6267172245899651,0.14311967361913794,-0.625,0.14
0.9531250453760867,0.12565427100486465,0.953125,0.13
0.7250957868479971,0.12580891435574793,0.71875,0.13
-0.6414815952229522,0.12159612723369703,-0.640625,0.12
0.8004095252276823,0.13771456649067873,0.796875,0.14
1.188913371474643,0.1354151923600532,1.1875,0.14
0.3514482075415829,0.15350751191582138,0.34375,0.15
-0.026521259249060063,0.05590626743861411,-0.03125,0.06
-0.16306696394376388,0.06275486775967755,-0.15625,0.06
